sample_id,official_split,development_split,image_path,mask_path,image_width,image_height,bbox_x_min,bbox_y_min,bbox_x_max,bbox_y_max,bbox_width,bbox_height,mask_pixels,mask_fraction,connected_components,touches_border,fits_256x256_context0,fits_256x256_context16,fits_256x256_context32,fits_256x384_context0,fits_256x384_context16,fits_256x384_context32,fits_256x512_context0,fits_256x512_context16,fits_256x512_context32
train-10021,train,train,data/extracted/KolektorSDD2/train/10021.png,data/extracted/KolektorSDD2/train/10021_GT.png,228,649,0,0,66,98,67,99,3346,0.022612386127105127,1,True,True,True,True,True,True,True,True,True,True
train-10028,train,train,data/extracted/KolektorSDD2/train/10028.png,data/extracted/KolektorSDD2/train/10028_GT.png,229,643,33,290,114,325,82,36,989,0.00671660543168961,1,False,True,True,True,True,True,True,True,True,True
train-10045,train,train,data/extracted/KolektorSDD2/train/10045.png,data/extracted/KolektorSDD2/train/10045_GT.png,211,638,182,535,188,539,7,5,23,0.00017085382341143086,1,False,True,True,True,True,True,True,True,True,True
train-10047,train,train,data/extracted/KolektorSDD2/train/10047.png,data/extracted/KolektorSDD2/train/10047_GT.png,231,637,0,430,187,636,188,207,19713,0.13396807274358294,1,True,True,True,False,True,True,True,True,True,True
train-10057,train,train,data/extracted/KolektorSDD2/train/10057.png,data/extracted/KolektorSDD2/train/10057_GT.png,230,640,57,355,98,415,42,61,1713,0.011637228260869565,1,False,True,True,True,True,True,True,True,True,True
train-10060,train,train,data/extracted/KolektorSDD2/train/10060.png,data/extracted/KolektorSDD2/train/10060_GT.png,228,637,53,0,105,48,53,49,1349,0.009288330716902146,1,True,True,True,True,True,True,True,True,True,True
train-10065,train,train,data/extracted/KolektorSDD2/train/10065.png,data/extracted/KolektorSDD2/train/10065_GT.png,229,641,72,203,139,268,68,66,2527,0.017215186424050847,1,False,True,True,True,True,True,True,True,True,True
train-10084,train,train,data/extracted/KolektorSDD2/train/10084.png,data/extracted/KolektorSDD2/train/10084_GT.png,231,619,198,106,221,178,24,73,644,0.004503842952954423,1,False,True,True,True,True,True,True,True,True,True
train-10090,train,train,data/extracted/KolektorSDD2/train/10090.png,data/extracted/KolektorSDD2/train/10090_GT.png,230,637,0,571,43,593,44,23,488,0.0033308306600232066,1,True,True,True,True,True,True,True,True,True,True
train-10135,train,train,data/extracted/KolektorSDD2/train/10135.png,data/extracted/KolektorSDD2/train/10135_GT.png,230,646,8,56,76,158,69,103,3376,0.022721766051958543,1,False,True,True,True,True,True,True,True,True,True
train-10145,train,train,data/extracted/KolektorSDD2/train/10145.png,data/extracted/KolektorSDD2/train/10145_GT.png,230,636,45,532,79,577,35,46,1045,0.007143833743505606,1,False,True,True,True,True,True,True,True,True,True
train-10157,train,train,data/extracted/KolektorSDD2/train/10157.png,data/extracted/KolektorSDD2/train/10157_GT.png,231,649,0,0,61,149,62,150,7073,0.0471788098906743,1,True,True,True,True,True,True,True,True,True,True
train-10159,train,train,data/extracted/KolektorSDD2/train/10159.png,data/extracted/KolektorSDD2/train/10159_GT.png,229,646,22,77,130,342,109,266,5895,0.03984885151486474,1,False,False,False,False,True,True,True,True,True,True
train-10201,train,train,data/extracted/KolektorSDD2/train/10201.png,data/extracted/KolektorSDD2/train/10201_GT.png,229,639,0,262,123,419,124,158,9025,0.06167524311321593,1,True,True,True,True,True,True,True,True,True,True
train-10206,train,train,data/extracted/KolektorSDD2/train/10206.png,data/extracted/KolektorSDD2/train/10206_GT.png,231,641,14,0,87,260,74,261,7758,0.052393784063050834,1,True,False,False,False,True,True,True,True,True,True
train-10208,train,train,data/extracted/KolektorSDD2/train/10208.png,data/extracted/KolektorSDD2/train/10208_GT.png,228,627,57,474,192,564,136,91,4451,0.03113545426564817,1,False,True,True,True,True,True,True,True,True,True
train-10223,train,train,data/extracted/KolektorSDD2/train/10223.png,data/extracted/KolektorSDD2/train/10223_GT.png,231,648,30,238,155,340,126,103,1475,0.009853829298273742,1,False,True,True,True,True,True,True,True,True,True
train-10235,train,train,data/extracted/KolektorSDD2/train/10235.png,data/extracted/KolektorSDD2/train/10235_GT.png,229,633,79,324,228,560,150,237,29837,0.20583345405878986,1,True,True,False,False,True,True,True,True,True,True
train-10244,train,train,data/extracted/KolektorSDD2/train/10244.png,data/extracted/KolektorSDD2/train/10244_GT.png,231,642,126,581,166,641,41,61,1572,0.010599991908403123,1,True,True,True,True,True,True,True,True,True,True
train-10247,train,train,data/extracted/KolektorSDD2/train/10247.png,data/extracted/KolektorSDD2/train/10247_GT.png,228,637,110,517,210,624,101,108,5876,0.04045828857858933,2,False,True,True,True,True,True,True,True,True,True
train-10254,train,train,data/extracted/KolektorSDD2/train/10254.png,data/extracted/KolektorSDD2/train/10254_GT.png,228,637,24,330,67,392,44,63,1383,0.009522432454763282,1,False,True,True,True,True,True,True,True,True,True
train-10258,train,train,data/extracted/KolektorSDD2/train/10258.png,data/extracted/KolektorSDD2/train/10258_GT.png,230,640,21,291,195,379,175,89,8343,0.056677989130434786,1,False,True,True,True,True,True,True,True,True,True
train-10266,train,train,data/extracted/KolektorSDD2/train/10266.png,data/extracted/KolektorSDD2/train/10266_GT.png,224,635,22,394,36,418,15,25,291,0.002045838020247469,1,False,True,True,True,True,True,True,True,True,True
train-10273,train,train,data/extracted/KolektorSDD2/train/10273.png,data/extracted/KolektorSDD2/train/10273_GT.png,230,641,87,0,142,172,56,173,6535,0.0443261208709218,1,True,True,True,True,True,True,True,True,True,True
train-10281,train,train,data/extracted/KolektorSDD2/train/10281.png,data/extracted/KolektorSDD2/train/10281_GT.png,231,618,60,198,139,272,80,75,4825,0.033798456128553214,1,False,True,True,True,True,True,True,True,True,True
train-10301,train,train,data/extracted/KolektorSDD2/train/10301.png,data/extracted/KolektorSDD2/train/10301_GT.png,233,645,102,583,220,644,119,62,5113,0.0340220248195096,1,True,True,True,True,True,True,True,True,True,True
train-10304,train,train,data/extracted/KolektorSDD2/train/10304.png,data/extracted/KolektorSDD2/train/10304_GT.png,231,642,6,327,61,340,56,14,444,0.002993890844358134,1,False,True,True,True,True,True,True,True,True,True
train-10306,train,train,data/extracted/KolektorSDD2/train/10306.png,data/extracted/KolektorSDD2/train/10306_GT.png,231,624,0,370,117,608,118,239,14386,0.0998029748029748,1,True,True,False,False,True,True,True,True,True,True
train-10308,train,train,data/extracted/KolektorSDD2/train/10308.png,data/extracted/KolektorSDD2/train/10308_GT.png,227,641,132,440,226,599,95,160,12008,0.08252523933556462,2,True,True,True,True,True,True,True,True,True,True
train-10309,train,validation,data/extracted/KolektorSDD2/train/10309.png,data/extracted/KolektorSDD2/train/10309_GT.png,227,635,5,155,226,396,222,242,43011,0.2983870408269451,1,True,True,False,False,True,True,False,True,True,False
train-10312,train,train,data/extracted/KolektorSDD2/train/10312.png,data/extracted/KolektorSDD2/train/10312_GT.png,231,639,57,485,215,591,159,107,6655,0.04508532677546762,2,False,True,True,True,True,True,True,True,True,True
train-10335,train,train,data/extracted/KolektorSDD2/train/10335.png,data/extracted/KolektorSDD2/train/10335_GT.png,232,640,203,389,231,406,29,18,372,0.0025053879310344826,1,True,True,True,True,True,True,True,True,True,True
train-10337,train,train,data/extracted/KolektorSDD2/train/10337.png,data/extracted/KolektorSDD2/train/10337_GT.png,230,648,6,358,30,454,25,97,1638,0.010990338164251207,1,False,True,True,True,True,True,True,True,True,True
train-10344,train,validation,data/extracted/KolektorSDD2/train/10344.png,data/extracted/KolektorSDD2/train/10344_GT.png,230,634,32,4,68,47,37,44,1275,0.008743656562885749,1,False,True,True,True,True,True,True,True,True,True
train-10345,train,train,data/extracted/KolektorSDD2/train/10345.png,data/extracted/KolektorSDD2/train/10345_GT.png,226,635,146,188,175,219,30,32,649,0.004522332938471187,1,False,True,True,True,True,True,True,True,True,True
train-10352,train,train,data/extracted/KolektorSDD2/train/10352.png,data/extracted/KolektorSDD2/train/10352_GT.png,231,634,2,258,185,294,184,37,2408,0.016442022751171015,2,False,True,True,True,True,True,True,True,True,True
train-10354,train,train,data/extracted/KolektorSDD2/train/10354.png,data/extracted/KolektorSDD2/train/10354_GT.png,225,628,41,578,98,627,58,50,1744,0.012342533616418967,1,True,True,True,True,True,True,True,True,True,True
train-10367,train,train,data/extracted/KolektorSDD2/train/10367.png,data/extracted/KolektorSDD2/train/10367_GT.png,233,629,173,288,229,302,57,15,601,0.004100793547902864,1,False,True,True,True,True,True,True,True,True,True
train-10382,train,train,data/extracted/KolektorSDD2/train/10382.png,data/extracted/KolektorSDD2/train/10382_GT.png,231,635,89,151,230,275,142,125,13237,0.09024099260319733,1,True,True,True,True,True,True,True,True,True,True
train-10383,train,train,data/extracted/KolektorSDD2/train/10383.png,data/extracted/KolektorSDD2/train/10383_GT.png,215,636,83,238,142,319,60,82,1632,0.01193505923650724,1,False,True,True,True,True,True,True,True,True,True
train-10396,train,train,data/extracted/KolektorSDD2/train/10396.png,data/extracted/KolektorSDD2/train/10396_GT.png,230,623,1,78,42,151,42,74,1759,0.012275804312931817,1,False,True,True,True,True,True,True,True,True,True
train-10401,train,train,data/extracted/KolektorSDD2/train/10401.png,data/extracted/KolektorSDD2/train/10401_GT.png,232,645,74,272,161,373,88,102,6010,0.04016305800588078,1,False,True,True,True,True,True,True,True,True,True
train-10402,train,train,data/extracted/KolektorSDD2/train/10402.png,data/extracted/KolektorSDD2/train/10402_GT.png,228,641,137,300,205,331,69,32,1057,0.007232394558940252,1,False,True,True,True,True,True,True,True,True,True
train-10403,train,train,data/extracted/KolektorSDD2/train/10403.png,data/extracted/KolektorSDD2/train/10403_GT.png,234,648,52,398,73,473,22,76,545,0.003594228131265168,1,False,True,True,True,True,True,True,True,True,True
train-10414,train,train,data/extracted/KolektorSDD2/train/10414.png,data/extracted/KolektorSDD2/train/10414_GT.png,222,630,29,336,152,413,124,78,4373,0.03126698126698127,1,False,True,True,True,True,True,True,True,True,True
train-10421,train,train,data/extracted/KolektorSDD2/train/10421.png,data/extracted/KolektorSDD2/train/10421_GT.png,230,641,0,347,229,425,230,79,3177,0.021549209794478736,1,True,True,False,False,True,False,False,True,False,False
train-10423,train,validation,data/extracted/KolektorSDD2/train/10423.png,data/extracted/KolektorSDD2/train/10423_GT.png,231,640,85,331,179,430,95,100,2891,0.01955492424242424,2,False,True,True,True,True,True,True,True,True,True
train-10426,train,validation,data/extracted/KolektorSDD2/train/10426.png,data/extracted/KolektorSDD2/train/10426_GT.png,229,640,67,415,113,459,47,45,1549,0.010569050218340611,1,False,True,True,True,True,True,True,True,True,True
train-10457,train,train,data/extracted/KolektorSDD2/train/10457.png,data/extracted/KolektorSDD2/train/10457_GT.png,229,637,0,404,20,438,21,35,515,0.0035304682840553085,1,True,True,True,True,True,True,True,True,True,True
train-10466,train,validation,data/extracted/KolektorSDD2/train/10466.png,data/extracted/KolektorSDD2/train/10466_GT.png,219,640,0,397,41,504,42,108,3355,0.023936929223744293,1,True,True,True,True,True,True,True,True,True,True
train-10478,train,train,data/extracted/KolektorSDD2/train/10478.png,data/extracted/KolektorSDD2/train/10478_GT.png,229,636,123,496,228,592,106,97,8494,0.0583202878251078,1,True,True,True,True,True,True,True,True,True,True
train-10487,train,train,data/extracted/KolektorSDD2/train/10487.png,data/extracted/KolektorSDD2/train/10487_GT.png,207,636,51,291,94,309,44,19,695,0.005279069060857412,1,False,True,True,True,True,True,True,True,True,True
train-10499,train,validation,data/extracted/KolektorSDD2/train/10499.png,data/extracted/KolektorSDD2/train/10499_GT.png,218,648,0,532,36,647,37,116,2660,0.018829992071582285,1,True,True,True,True,True,True,True,True,True,True
train-10502,train,train,data/extracted/KolektorSDD2/train/10502.png,data/extracted/KolektorSDD2/train/10502_GT.png,228,645,66,24,79,45,14,22,232,0.0015775873793009655,1,False,True,True,True,True,True,True,True,True,True
train-10506,train,train,data/extracted/KolektorSDD2/train/10506.png,data/extracted/KolektorSDD2/train/10506_GT.png,231,645,51,339,128,363,78,25,959,0.006436457599248297,1,False,True,True,True,True,True,True,True,True,True
train-10514,train,train,data/extracted/KolektorSDD2/train/10514.png,data/extracted/KolektorSDD2/train/10514_GT.png,228,637,116,338,178,364,63,27,1335,0.009191935883665207,1,False,True,True,True,True,True,True,True,True,True
train-10516,train,train,data/extracted/KolektorSDD2/train/10516.png,data/extracted/KolektorSDD2/train/10516_GT.png,232,633,0,18,126,107,127,90,8360,0.056926513046794136,1,True,True,True,True,True,True,True,True,True,True
train-10536,train,train,data/extracted/KolektorSDD2/train/10536.png,data/extracted/KolektorSDD2/train/10536_GT.png,228,643,0,0,70,115,71,116,4893,0.03337562413031022,1,True,True,True,True,True,True,True,True,True,True
train-10554,train,train,data/extracted/KolektorSDD2/train/10554.png,data/extracted/KolektorSDD2/train/10554_GT.png,232,629,52,437,187,514,136,78,1261,0.008641247738610821,1,False,True,True,True,True,True,True,True,True,True
train-10557,train,validation,data/extracted/KolektorSDD2/train/10557.png,data/extracted/KolektorSDD2/train/10557_GT.png,225,635,139,508,180,565,42,58,1434,0.010036745406824147,1,False,True,True,True,True,True,True,True,True,True
train-10569,train,train,data/extracted/KolektorSDD2/train/10569.png,data/extracted/KolektorSDD2/train/10569_GT.png,229,642,0,486,123,641,124,156,8917,0.06065243711654355,1,True,True,True,True,True,True,True,True,True,True
train-10574,train,train,data/extracted/KolektorSDD2/train/10574.png,data/extracted/KolektorSDD2/train/10574_GT.png,218,644,118,397,189,519,72,123,5113,0.03641945409994871,1,False,True,True,True,True,True,True,True,True,True
train-10583,train,train,data/extracted/KolektorSDD2/train/10583.png,data/extracted/KolektorSDD2/train/10583_GT.png,234,645,127,269,161,349,35,81,504,0.0033392963625521765,2,False,True,True,True,True,True,True,True,True,True
train-10585,train,train,data/extracted/KolektorSDD2/train/10585.png,data/extracted/KolektorSDD2/train/10585_GT.png,228,646,36,282,227,366,192,85,8076,0.05483135082287763,1,True,True,True,True,True,True,True,True,True,True
train-10602,train,train,data/extracted/KolektorSDD2/train/10602.png,data/extracted/KolektorSDD2/train/10602_GT.png,229,644,0,336,63,369,64,34,1428,0.009682931460034174,1,True,True,True,True,True,True,True,True,True,True
train-10612,train,train,data/extracted/KolektorSDD2/train/10612.png,data/extracted/KolektorSDD2/train/10612_GT.png,219,633,146,302,200,372,55,71,1358,0.009796071472368297,1,False,True,True,True,True,True,True,True,True,True
train-10618,train,validation,data/extracted/KolektorSDD2/train/10618.png,data/extracted/KolektorSDD2/train/10618_GT.png,228,636,145,296,227,335,83,40,1738,0.011985545625068962,1,True,True,True,True,True,True,True,True,True,True
train-10628,train,train,data/extracted/KolektorSDD2/train/10628.png,data/extracted/KolektorSDD2/train/10628_GT.png,229,634,0,248,39,384,40,137,3863,0.026607248632788287,1,True,True,True,True,True,True,True,True,True,True
train-10637,train,train,data/extracted/KolektorSDD2/train/10637.png,data/extracted/KolektorSDD2/train/10637_GT.png,229,637,77,94,146,127,70,34,1397,0.009576823675388866,1,False,True,True,True,True,True,True,True,True,True
train-10638,train,validation,data/extracted/KolektorSDD2/train/10638.png,data/extracted/KolektorSDD2/train/10638_GT.png,192,646,0,452,102,645,103,194,8788,0.07085268317853458,1,True,True,True,False,True,True,True,True,True,True
train-10647,train,train,data/extracted/KolektorSDD2/train/10647.png,data/extracted/KolektorSDD2/train/10647_GT.png,231,638,36,384,77,422,42,39,794,0.005387506954905074,1,False,True,True,True,True,True,True,True,True,True
train-10648,train,train,data/extracted/KolektorSDD2/train/10648.png,data/extracted/KolektorSDD2/train/10648_GT.png,228,638,189,193,216,215,28,23,231,0.001588021778584392,1,False,True,True,True,True,True,True,True,True,True
train-10654,train,train,data/extracted/KolektorSDD2/train/10654.png,data/extracted/KolektorSDD2/train/10654_GT.png,233,636,11,294,131,327,121,34,2349,0.015851485950279375,1,False,True,True,True,True,True,True,True,True,True
train-10659,train,validation,data/extracted/KolektorSDD2/train/10659.png,data/extracted/KolektorSDD2/train/10659_GT.png,223,629,167,600,218,628,52,29,962,0.006858348720654181,1,True,True,True,True,True,True,True,True,True,True
train-10661,train,train,data/extracted/KolektorSDD2/train/10661.png,data/extracted/KolektorSDD2/train/10661_GT.png,233,624,32,326,143,365,112,40,3118,0.02144547155276769,1,False,True,True,True,True,True,True,True,True,True
train-10663,train,validation,data/extracted/KolektorSDD2/train/10663.png,data/extracted/KolektorSDD2/train/10663_GT.png,237,640,39,0,93,42,55,43,1689,0.011135284810126583,1,True,True,True,True,True,True,True,True,True,True
train-10672,train,train,data/extracted/KolektorSDD2/train/10672.png,data/extracted/KolektorSDD2/train/10672_GT.png,238,634,85,483,141,581,57,99,3649,0.02418285926357925,1,False,True,True,True,True,True,True,True,True,True
train-10677,train,train,data/extracted/KolektorSDD2/train/10677.png,data/extracted/KolektorSDD2/train/10677_GT.png,235,639,197,617,207,625,11,9,64,0.0004261978490327307,1,False,True,True,True,True,True,True,True,True,True
train-10678,train,train,data/extracted/KolektorSDD2/train/10678.png,data/extracted/KolektorSDD2/train/10678_GT.png,221,630,45,132,98,196,54,65,2638,0.018947066005889534,1,False,True,True,True,True,True,True,True,True,True
train-10695,train,train,data/extracted/KolektorSDD2/train/10695.png,data/extracted/KolektorSDD2/train/10695_GT.png,227,642,156,391,195,555,40,165,1600,0.010978906775357844,2,False,True,True,True,True,True,True,True,True,True
train-10707,train,validation,data/extracted/KolektorSDD2/train/10707.png,data/extracted/KolektorSDD2/train/10707_GT.png,233,639,0,227,29,258,30,32,749,0.005030660836741959,1,True,True,True,True,True,True,True,True,True,True
train-10711,train,train,data/extracted/KolektorSDD2/train/10711.png,data/extracted/KolektorSDD2/train/10711_GT.png,233,629,108,421,123,435,16,15,154,0.001050785701126524,1,False,True,True,True,True,True,True,True,True,True
train-10712,train,validation,data/extracted/KolektorSDD2/train/10712.png,data/extracted/KolektorSDD2/train/10712_GT.png,229,637,115,301,222,389,108,89,6236,0.04274951498906583,1,False,True,True,True,True,True,True,True,True,True
train-10714,train,train,data/extracted/KolektorSDD2/train/10714.png,data/extracted/KolektorSDD2/train/10714_GT.png,230,642,3,542,66,560,64,19,606,0.004104022754977651,1,False,True,True,True,True,True,True,True,True,True
train-10727,train,train,data/extracted/KolektorSDD2/train/10727.png,data/extracted/KolektorSDD2/train/10727_GT.png,232,640,195,32,217,63,23,32,386,0.002599676724137931,1,False,True,True,True,True,True,True,True,True,True
train-10729,train,train,data/extracted/KolektorSDD2/train/10729.png,data/extracted/KolektorSDD2/train/10729_GT.png,232,640,91,99,104,166,14,68,500,0.003367456896551724,1,False,True,True,True,True,True,True,True,True,True
train-10743,train,validation,data/extracted/KolektorSDD2/train/10743.png,data/extracted/KolektorSDD2/train/10743_GT.png,230,632,98,0,205,84,108,85,3959,0.027235828288387453,1,True,True,True,True,True,True,True,True,True,True
train-10756,train,validation,data/extracted/KolektorSDD2/train/10756.png,data/extracted/KolektorSDD2/train/10756_GT.png,233,646,94,548,164,645,71,98,3731,0.024787733028607876,1,True,True,True,True,True,True,True,True,True,True
train-10770,train,train,data/extracted/KolektorSDD2/train/10770.png,data/extracted/KolektorSDD2/train/10770_GT.png,230,640,118,297,161,330,44,34,1187,0.008063858695652173,1,False,True,True,True,True,True,True,True,True,True
train-10774,train,train,data/extracted/KolektorSDD2/train/10774.png,data/extracted/KolektorSDD2/train/10774_GT.png,233,638,78,152,132,178,55,27,1152,0.007749539198407039,1,False,True,True,True,True,True,True,True,True,True
train-10797,train,train,data/extracted/KolektorSDD2/train/10797.png,data/extracted/KolektorSDD2/train/10797_GT.png,220,632,157,321,219,447,63,127,5271,0.037909953970080554,1,True,True,True,True,True,True,True,True,True,True
train-10808,train,train,data/extracted/KolektorSDD2/train/10808.png,data/extracted/KolektorSDD2/train/10808_GT.png,226,631,98,243,200,520,103,278,1802,0.012636214465029522,1,False,False,False,False,True,True,True,True,True,True
train-10821,train,train,data/extracted/KolektorSDD2/train/10821.png,data/extracted/KolektorSDD2/train/10821_GT.png,228,634,4,305,227,516,224,212,7466,0.05164923349382921,2,True,True,True,False,True,True,False,True,True,False
train-10844,train,train,data/extracted/KolektorSDD2/train/10844.png,data/extracted/KolektorSDD2/train/10844_GT.png,227,640,64,169,76,177,13,9,78,0.0005368942731277533,1,False,True,True,True,True,True,True,True,True,True
train-10845,train,train,data/extracted/KolektorSDD2/train/10845.png,data/extracted/KolektorSDD2/train/10845_GT.png,231,635,88,168,220,197,133,30,2097,0.014295940280192248,1,False,True,True,True,True,True,True,True,True,True
train-10846,train,train,data/extracted/KolektorSDD2/train/10846.png,data/extracted/KolektorSDD2/train/10846_GT.png,231,642,114,558,230,641,117,84,7403,0.04991840973149384,1,True,True,True,True,True,True,True,True,True,True
train-10849,train,train,data/extracted/KolektorSDD2/train/10849.png,data/extracted/KolektorSDD2/train/10849_GT.png,231,633,0,143,230,256,231,114,2534,0.017329695054813538,2,True,True,False,False,True,False,False,True,False,False
train-10869,train,train,data/extracted/KolektorSDD2/train/10869.png,data/extracted/KolektorSDD2/train/10869_GT.png,230,643,13,527,207,608,195,82,5165,0.03492460612617486,1,False,True,True,False,True,True,False,True,True,False
train-10874,train,train,data/extracted/KolektorSDD2/train/10874.png,data/extracted/KolektorSDD2/train/10874_GT.png,229,638,62,292,75,300,14,9,92,0.0006296970609574133,1,False,True,True,True,True,True,True,True,True,True
train-10893,train,train,data/extracted/KolektorSDD2/train/10893.png,data/extracted/KolektorSDD2/train/10893_GT.png,227,634,1,334,45,370,45,37,1202,0.008351978209813923,1,False,True,True,True,True,True,True,True,True,True
train-10900,train,train,data/extracted/KolektorSDD2/train/10900.png,data/extracted/KolektorSDD2/train/10900_GT.png,238,642,103,0,135,49,33,50,940,0.006151993507683447,1,True,True,True,True,True,True,True,True,True,True
train-10905,train,train,data/extracted/KolektorSDD2/train/10905.png,data/extracted/KolektorSDD2/train/10905_GT.png,228,636,44,264,150,293,107,30,1906,0.013144102394350656,1,False,True,True,True,True,True,True,True,True,True
train-10907,train,train,data/extracted/KolektorSDD2/train/10907.png,data/extracted/KolektorSDD2/train/10907_GT.png,226,634,0,432,225,578,226,147,24633,0.17191731107450936,1,True,True,False,False,True,False,False,True,False,False
train-10951,train,train,data/extracted/KolektorSDD2/train/10951.png,data/extracted/KolektorSDD2/train/10951_GT.png,227,636,0,345,68,381,69,37,1731,0.011989859529548666,1,True,True,True,True,True,True,True,True,True,True
train-10952,train,train,data/extracted/KolektorSDD2/train/10952.png,data/extracted/KolektorSDD2/train/10952_GT.png,228,643,0,455,198,586,199,132,14727,0.10045428501268724,1,True,True,True,False,True,True,False,True,True,False
train-11002,train,train,data/extracted/KolektorSDD2/train/11002.png,data/extracted/KolektorSDD2/train/11002_GT.png,227,636,49,303,140,340,92,38,2436,0.01687307788213781,1,False,True,True,True,True,True,True,True,True,True
train-11003,train,validation,data/extracted/KolektorSDD2/train/11003.png,data/extracted/KolektorSDD2/train/11003_GT.png,224,631,0,183,40,301,41,119,3671,0.02597209644555128,1,True,True,True,True,True,True,True,True,True,True
train-11012,train,train,data/extracted/KolektorSDD2/train/11012.png,data/extracted/KolektorSDD2/train/11012_GT.png,224,632,14,574,42,606,29,33,343,0.002422863924050633,1,False,True,True,True,True,True,True,True,True,True
train-11025,train,train,data/extracted/KolektorSDD2/train/11025.png,data/extracted/KolektorSDD2/train/11025_GT.png,231,633,17,162,67,215,51,54,2221,0.015189128933204763,1,False,True,True,True,True,True,True,True,True,True
train-11040,train,train,data/extracted/KolektorSDD2/train/11040.png,data/extracted/KolektorSDD2/train/11040_GT.png,231,633,71,599,104,632,34,34,774,0.005293284914137995,1,True,True,True,True,True,True,True,True,True,True
train-11052,train,train,data/extracted/KolektorSDD2/train/11052.png,data/extracted/KolektorSDD2/train/11052_GT.png,225,628,0,0,54,141,55,142,3271,0.023149327671620666,2,True,True,True,True,True,True,True,True,True,True
train-11061,train,validation,data/extracted/KolektorSDD2/train/11061.png,data/extracted/KolektorSDD2/train/11061_GT.png,229,645,31,379,79,488,49,110,2737,0.018530178396127417,1,False,True,True,True,True,True,True,True,True,True
train-11074,train,train,data/extracted/KolektorSDD2/train/11074.png,data/extracted/KolektorSDD2/train/11074_GT.png,235,644,0,0,33,163,34,164,3868,0.025558345447337122,1,True,True,True,True,True,True,True,True,True,True
train-11088,train,train,data/extracted/KolektorSDD2/train/11088.png,data/extracted/KolektorSDD2/train/11088_GT.png,236,637,0,96,133,249,134,154,7156,0.04760130910251976,1,True,True,True,True,True,True,True,True,True,True
train-11093,train,train,data/extracted/KolektorSDD2/train/11093.png,data/extracted/KolektorSDD2/train/11093_GT.png,236,647,197,185,221,220,25,36,650,0.0042569355303486755,1,False,True,True,True,True,True,True,True,True,True
train-11094,train,train,data/extracted/KolektorSDD2/train/11094.png,data/extracted/KolektorSDD2/train/11094_GT.png,229,637,129,536,179,567,51,32,1117,0.0076573457733782125,1,False,True,True,True,True,True,True,True,True,True
train-11101,train,train,data/extracted/KolektorSDD2/train/11101.png,data/extracted/KolektorSDD2/train/11101_GT.png,229,634,10,0,125,175,116,176,13146,0.09054592040554875,1,True,True,True,True,True,True,True,True,True,True
train-11135,train,validation,data/extracted/KolektorSDD2/train/11135.png,data/extracted/KolektorSDD2/train/11135_GT.png,229,628,0,224,33,314,34,91,1502,0.010444191027174367,1,True,True,True,True,True,True,True,True,True,True
train-11139,train,train,data/extracted/KolektorSDD2/train/11139.png,data/extracted/KolektorSDD2/train/11139_GT.png,228,631,0,184,211,326,212,143,5794,0.04027302805349348,3,True,True,True,False,True,True,False,True,True,False
train-11169,train,train,data/extracted/KolektorSDD2/train/11169.png,data/extracted/KolektorSDD2/train/11169_GT.png,235,647,30,284,51,316,22,33,532,0.0034989641224637442,1,False,True,True,True,True,True,True,True,True,True
train-11178,train,validation,data/extracted/KolektorSDD2/train/11178.png,data/extracted/KolektorSDD2/train/11178_GT.png,233,639,148,483,232,587,85,105,7049,0.047344630491580865,1,True,True,True,True,True,True,True,True,True,True
train-11187,train,train,data/extracted/KolektorSDD2/train/11187.png,data/extracted/KolektorSDD2/train/11187_GT.png,238,639,78,574,110,638,33,65,1249,0.008212674741258006,1,True,True,True,True,True,True,True,True,True,True
train-11190,train,train,data/extracted/KolektorSDD2/train/11190.png,data/extracted/KolektorSDD2/train/11190_GT.png,232,637,31,276,122,335,92,60,3671,0.024840307475775456,1,False,True,True,True,True,True,True,True,True,True
train-11195,train,train,data/extracted/KolektorSDD2/train/11195.png,data/extracted/KolektorSDD2/train/11195_GT.png,235,638,146,0,234,71,89,72,4356,0.02905355832721937,1,True,True,True,True,True,True,True,True,True,True
train-11214,train,train,data/extracted/KolektorSDD2/train/11214.png,data/extracted/KolektorSDD2/train/11214_GT.png,231,637,0,172,230,413,231,242,17701,0.12029467131507948,1,True,True,False,False,True,False,False,True,False,False
train-11228,train,train,data/extracted/KolektorSDD2/train/11228.png,data/extracted/KolektorSDD2/train/11228_GT.png,232,639,0,248,76,350,77,103,6220,0.04195672116993147,1,True,True,True,True,True,True,True,True,True,True
train-11230,train,train,data/extracted/KolektorSDD2/train/11230.png,data/extracted/KolektorSDD2/train/11230_GT.png,234,638,194,260,204,266,11,7,62,0.0004152935187417946,1,False,True,True,True,True,True,True,True,True,True
train-11242,train,train,data/extracted/KolektorSDD2/train/11242.png,data/extracted/KolektorSDD2/train/11242_GT.png,228,647,52,517,153,569,102,53,3718,0.02520404566284335,1,False,True,True,True,True,True,True,True,True,True
train-11250,train,train,data/extracted/KolektorSDD2/train/11250.png,data/extracted/KolektorSDD2/train/11250_GT.png,232,637,117,391,230,447,114,57,2293,0.015515888052833866,1,False,True,True,True,True,True,True,True,True,True
train-11258,train,train,data/extracted/KolektorSDD2/train/11258.png,data/extracted/KolektorSDD2/train/11258_GT.png,237,633,138,315,226,340,89,26,1737,0.011578379026936229,1,False,True,True,True,True,True,True,True,True,True
train-11269,train,train,data/extracted/KolektorSDD2/train/11269.png,data/extracted/KolektorSDD2/train/11269_GT.png,236,642,58,230,75,240,18,11,162,0.0010692222398225883,1,False,True,True,True,True,True,True,True,True,True
train-11282,train,train,data/extracted/KolektorSDD2/train/11282.png,data/extracted/KolektorSDD2/train/11282_GT.png,228,630,96,237,142,293,47,57,1635,0.011382623224728487,1,False,True,True,True,True,True,True,True,True,True
train-11299,train,train,data/extracted/KolektorSDD2/train/11299.png,data/extracted/KolektorSDD2/train/11299_GT.png,231,640,92,165,143,237,52,73,2742,0.018547077922077923,1,False,True,True,True,True,True,True,True,True,True
train-11315,train,train,data/extracted/KolektorSDD2/train/11315.png,data/extracted/KolektorSDD2/train/11315_GT.png,226,655,0,367,225,494,226,128,16070,0.10855907586300075,1,True,True,False,False,True,False,False,True,False,False
train-11339,train,train,data/extracted/KolektorSDD2/train/11339.png,data/extracted/KolektorSDD2/train/11339_GT.png,228,636,84,280,144,299,61,20,642,0.004427341939755048,1,False,True,True,True,True,True,True,True,True,True
train-11350,train,train,data/extracted/KolektorSDD2/train/11350.png,data/extracted/KolektorSDD2/train/11350_GT.png,230,642,9,361,116,395,108,35,2222,0.015048083434918055,1,False,True,True,True,True,True,True,True,True,True
train-11351,train,validation,data/extracted/KolektorSDD2/train/11351.png,data/extracted/KolektorSDD2/train/11351_GT.png,221,629,0,412,21,572,22,161,2841,0.020437525627837048,1,True,True,True,True,True,True,True,True,True,True
train-11360,train,train,data/extracted/KolektorSDD2/train/11360.png,data/extracted/KolektorSDD2/train/11360_GT.png,228,644,19,354,47,423,29,70,1000,0.006810504522175003,1,False,True,True,True,True,True,True,True,True,True
train-11363,train,train,data/extracted/KolektorSDD2/train/11363.png,data/extracted/KolektorSDD2/train/11363_GT.png,231,625,6,507,80,589,75,83,861,0.005963636363636364,2,False,True,True,True,True,True,True,True,True,True
train-11364,train,train,data/extracted/KolektorSDD2/train/11364.png,data/extracted/KolektorSDD2/train/11364_GT.png,237,650,119,262,149,284,31,23,531,0.0034469328140214217,1,False,True,True,True,True,True,True,True,True,True
train-11386,train,train,data/extracted/KolektorSDD2/train/11386.png,data/extracted/KolektorSDD2/train/11386_GT.png,226,628,206,58,225,153,20,96,839,0.00591144805817034,1,True,True,True,True,True,True,True,True,True,True
train-11388,train,train,data/extracted/KolektorSDD2/train/11388.png,data/extracted/KolektorSDD2/train/11388_GT.png,234,633,113,251,208,286,96,36,2273,0.015345458473420559,1,False,True,True,True,True,True,True,True,True,True
train-11398,train,validation,data/extracted/KolektorSDD2/train/11398.png,data/extracted/KolektorSDD2/train/11398_GT.png,225,647,136,240,224,356,89,117,7012,0.0481676111969775,1,True,True,True,True,True,True,True,True,True,True
train-11404,train,validation,data/extracted/KolektorSDD2/train/11404.png,data/extracted/KolektorSDD2/train/11404_GT.png,227,636,7,537,78,635,72,99,3847,0.026646441138170836,1,True,True,True,True,True,True,True,True,True,True
train-11417,train,train,data/extracted/KolektorSDD2/train/11417.png,data/extracted/KolektorSDD2/train/11417_GT.png,229,634,0,0,33,27,34,28,627,0.004318598211948811,1,True,True,True,True,True,True,True,True,True,True
train-11430,train,train,data/extracted/KolektorSDD2/train/11430.png,data/extracted/KolektorSDD2/train/11430_GT.png,230,629,61,240,157,304,97,65,3987,0.027559272827815028,1,False,True,True,True,True,True,True,True,True,True
train-11432,train,train,data/extracted/KolektorSDD2/train/11432.png,data/extracted/KolektorSDD2/train/11432_GT.png,231,640,121,279,158,356,38,78,2066,0.0139745670995671,1,False,True,True,True,True,True,True,True,True,True
train-11444,train,train,data/extracted/KolektorSDD2/train/11444.png,data/extracted/KolektorSDD2/train/11444_GT.png,235,647,18,23,66,440,49,418,2204,0.014495708507349797,3,False,False,False,False,False,False,False,True,True,True
train-11447,train,train,data/extracted/KolektorSDD2/train/11447.png,data/extracted/KolektorSDD2/train/11447_GT.png,234,633,21,294,122,356,102,63,3090,0.020861181998622757,1,False,True,True,True,True,True,True,True,True,True
train-11458,train,train,data/extracted/KolektorSDD2/train/11458.png,data/extracted/KolektorSDD2/train/11458_GT.png,226,635,142,340,171,359,30,20,471,0.003282001254267995,1,False,True,True,True,True,True,True,True,True,True
train-11477,train,train,data/extracted/KolektorSDD2/train/11477.png,data/extracted/KolektorSDD2/train/11477_GT.png,230,642,127,304,229,343,103,40,2528,0.01712041175673845,1,True,True,True,True,True,True,True,True,True,True
train-11481,train,train,data/extracted/KolektorSDD2/train/11481.png,data/extracted/KolektorSDD2/train/11481_GT.png,227,632,0,337,70,355,71,19,852,0.005938772096135616,1,True,True,True,True,True,True,True,True,True,True
train-11482,train,train,data/extracted/KolektorSDD2/train/11482.png,data/extracted/KolektorSDD2/train/11482_GT.png,235,632,215,46,233,68,19,23,265,0.0017842714785887422,1,False,True,True,True,True,True,True,True,True,True
train-11500,train,validation,data/extracted/KolektorSDD2/train/11500.png,data/extracted/KolektorSDD2/train/11500_GT.png,226,630,13,203,123,311,111,109,5461,0.0383551060542211,1,False,True,True,True,True,True,True,True,True,True
train-11506,train,train,data/extracted/KolektorSDD2/train/11506.png,data/extracted/KolektorSDD2/train/11506_GT.png,226,634,182,0,225,25,44,26,883,0.006162586192456939,1,True,True,True,True,True,True,True,True,True,True
train-11512,train,train,data/extracted/KolektorSDD2/train/11512.png,data/extracted/KolektorSDD2/train/11512_GT.png,229,642,12,178,23,200,12,23,177,0.0012039342121372893,1,False,True,True,True,True,True,True,True,True,True
train-11543,train,train,data/extracted/KolektorSDD2/train/11543.png,data/extracted/KolektorSDD2/train/11543_GT.png,230,630,13,0,66,74,54,75,3201,0.022091097308488614,1,True,True,True,True,True,True,True,True,True,True
train-11549,train,train,data/extracted/KolektorSDD2/train/11549.png,data/extracted/KolektorSDD2/train/11549_GT.png,216,634,0,340,93,633,94,294,2912,0.021264166374576468,3,True,False,False,False,True,True,True,True,True,True
train-11553,train,train,data/extracted/KolektorSDD2/train/11553.png,data/extracted/KolektorSDD2/train/11553_GT.png,229,630,44,304,68,333,25,30,607,0.004207388923546129,1,False,True,True,True,True,True,True,True,True,True
train-11568,train,train,data/extracted/KolektorSDD2/train/11568.png,data/extracted/KolektorSDD2/train/11568_GT.png,230,640,101,233,229,257,129,25,988,0.00671195652173913,1,True,True,True,True,True,True,True,True,True,True
train-11573,train,train,data/extracted/KolektorSDD2/train/11573.png,data/extracted/KolektorSDD2/train/11573_GT.png,233,642,69,302,175,344,107,43,3702,0.024748305322690626,1,False,True,True,True,True,True,True,True,True,True
train-11574,train,train,data/extracted/KolektorSDD2/train/11574.png,data/extracted/KolektorSDD2/train/11574_GT.png,231,640,0,379,40,639,41,261,5103,0.03451704545454545,1,True,False,False,False,True,True,True,True,True,True
train-11584,train,train,data/extracted/KolektorSDD2/train/11584.png,data/extracted/KolektorSDD2/train/11584_GT.png,228,639,85,342,197,439,113,98,6511,0.04469016830024984,1,False,True,True,True,True,True,True,True,True,True
train-11585,train,train,data/extracted/KolektorSDD2/train/11585.png,data/extracted/KolektorSDD2/train/11585_GT.png,224,631,95,529,223,577,129,49,3683,0.026056995698437852,1,True,True,True,True,True,True,True,True,True,True
train-11590,train,train,data/extracted/KolektorSDD2/train/11590.png,data/extracted/KolektorSDD2/train/11590_GT.png,227,643,0,0,164,94,165,95,5760,0.03946259617295031,1,True,True,True,True,True,True,True,True,True,True
train-11601,train,validation,data/extracted/KolektorSDD2/train/11601.png,data/extracted/KolektorSDD2/train/11601_GT.png,233,643,157,272,221,346,65,75,3378,0.02254720696306877,1,False,True,True,True,True,True,True,True,True,True
train-11612,train,train,data/extracted/KolektorSDD2/train/11612.png,data/extracted/KolektorSDD2/train/11612_GT.png,229,640,103,30,228,452,126,423,9232,0.06299126637554585,1,True,False,False,False,False,False,False,True,True,True
train-11616,train,train,data/extracted/KolektorSDD2/train/11616.png,data/extracted/KolektorSDD2/train/11616_GT.png,232,641,3,212,36,256,34,45,981,0.006596643176071871,1,False,True,True,True,True,True,True,True,True,True
train-11629,train,train,data/extracted/KolektorSDD2/train/11629.png,data/extracted/KolektorSDD2/train/11629_GT.png,228,638,0,406,227,604,228,199,12423,0.08540257383270088,2,True,True,False,False,True,False,False,True,False,False
train-11632,train,train,data/extracted/KolektorSDD2/train/11632.png,data/extracted/KolektorSDD2/train/11632_GT.png,231,638,157,388,193,428,37,41,931,0.006317089389189703,1,False,True,True,True,True,True,True,True,True,True
train-11641,train,train,data/extracted/KolektorSDD2/train/11641.png,data/extracted/KolektorSDD2/train/11641_GT.png,231,635,13,140,74,178,62,39,939,0.006401472543204827,2,False,True,True,True,True,True,True,True,True,True
train-11642,train,train,data/extracted/KolektorSDD2/train/11642.png,data/extracted/KolektorSDD2/train/11642_GT.png,233,638,59,0,172,144,114,145,9764,0.06568272633094299,1,True,True,True,True,True,True,True,True,True,True
train-11643,train,validation,data/extracted/KolektorSDD2/train/11643.png,data/extracted/KolektorSDD2/train/11643_GT.png,232,634,175,458,191,467,17,10,137,0.000931415207222887,1,False,True,True,True,True,True,True,True,True,True
train-11658,train,train,data/extracted/KolektorSDD2/train/11658.png,data/extracted/KolektorSDD2/train/11658_GT.png,228,638,202,334,227,344,26,11,202,0.0013886597371170874,1,True,True,True,True,True,True,True,True,True,True
train-11662,train,train,data/extracted/KolektorSDD2/train/11662.png,data/extracted/KolektorSDD2/train/11662_GT.png,230,636,25,477,54,514,30,38,949,0.006487558107738584,1,False,True,True,True,True,True,True,True,True,True
train-11669,train,train,data/extracted/KolektorSDD2/train/11669.png,data/extracted/KolektorSDD2/train/11669_GT.png,233,647,98,519,173,640,76,122,2171,0.014401231169279143,1,False,True,True,True,True,True,True,True,True,True
train-11670,train,train,data/extracted/KolektorSDD2/train/11670.png,data/extracted/KolektorSDD2/train/11670_GT.png,227,636,148,289,226,401,79,113,6006,0.04160086443354667,1,True,True,True,True,True,True,True,True,True,True
train-11695,train,train,data/extracted/KolektorSDD2/train/11695.png,data/extracted/KolektorSDD2/train/11695_GT.png,202,640,7,460,36,488,30,29,504,0.0038985148514851485,1,False,True,True,True,True,True,True,True,True,True
train-11711,train,train,data/extracted/KolektorSDD2/train/11711.png,data/extracted/KolektorSDD2/train/11711_GT.png,235,644,45,289,98,316,54,28,1085,0.007169287696577244,1,False,True,True,True,True,True,True,True,True,True
train-11713,train,validation,data/extracted/KolektorSDD2/train/11713.png,data/extracted/KolektorSDD2/train/11713_GT.png,229,637,0,353,59,397,60,45,2191,0.01501991458323336,1,True,True,True,True,True,True,True,True,True,True
train-11739,train,train,data/extracted/KolektorSDD2/train/11739.png,data/extracted/KolektorSDD2/train/11739_GT.png,214,639,184,40,201,103,18,64,864,0.006318283532973542,1,False,True,True,True,True,True,True,True,True,True
train-11746,train,validation,data/extracted/KolektorSDD2/train/11746.png,data/extracted/KolektorSDD2/train/11746_GT.png,228,638,110,23,227,341,118,319,5800,0.03987240829346093,2,True,False,False,False,True,True,True,True,True,True
train-11750,train,train,data/extracted/KolektorSDD2/train/11750.png,data/extracted/KolektorSDD2/train/11750_GT.png,228,639,0,106,35,305,36,200,3436,0.02358399912143426,1,True,True,True,False,True,True,True,True,True,True
train-11755,train,train,data/extracted/KolektorSDD2/train/11755.png,data/extracted/KolektorSDD2/train/11755_GT.png,233,638,15,328,90,355,76,28,1556,0.01046725954229284,1,False,True,True,True,True,True,True,True,True,True
train-11770,train,train,data/extracted/KolektorSDD2/train/11770.png,data/extracted/KolektorSDD2/train/11770_GT.png,224,632,0,441,100,631,101,191,8743,0.06175830696202532,1,True,True,True,True,True,True,True,True,True,True
train-11775,train,train,data/extracted/KolektorSDD2/train/11775.png,data/extracted/KolektorSDD2/train/11775_GT.png,229,633,160,275,228,335,69,61,2558,0.017646612443690198,1,True,True,True,True,True,True,True,True,True,True
train-11800,train,validation,data/extracted/KolektorSDD2/train/11800.png,data/extracted/KolektorSDD2/train/11800_GT.png,216,626,0,0,33,167,34,168,3439,0.02543338066501006,1,True,True,True,True,True,True,True,True,True,True
train-11804,train,train,data/extracted/KolektorSDD2/train/11804.png,data/extracted/KolektorSDD2/train/11804_GT.png,224,638,119,37,186,110,68,74,3800,0.026589789520824005,1,False,True,True,True,True,True,True,True,True,True
train-11808,train,train,data/extracted/KolektorSDD2/train/11808.png,data/extracted/KolektorSDD2/train/11808_GT.png,196,637,55,0,177,124,123,125,5032,0.04030371960401115,1,True,True,True,True,True,True,True,True,True,True
train-11810,train,train,data/extracted/KolektorSDD2/train/11810.png,data/extracted/KolektorSDD2/train/11810_GT.png,231,640,86,271,139,328,54,58,1828,0.012364718614718615,1,False,True,True,True,True,True,True,True,True,True
train-11832,train,train,data/extracted/KolektorSDD2/train/11832.png,data/extracted/KolektorSDD2/train/11832_GT.png,228,636,0,150,45,224,46,75,3002,0.02070230607966457,1,True,True,True,True,True,True,True,True,True,True
train-11836,train,train,data/extracted/KolektorSDD2/train/11836.png,data/extracted/KolektorSDD2/train/11836_GT.png,229,637,11,589,52,636,42,48,1802,0.012353211355082846,1,True,True,True,True,True,True,True,True,True,True
train-11851,train,train,data/extracted/KolektorSDD2/train/11851.png,data/extracted/KolektorSDD2/train/11851_GT.png,232,644,78,544,105,643,28,100,2498,0.016719318911972585,1,True,True,True,True,True,True,True,True,True,True
train-11858,train,train,data/extracted/KolektorSDD2/train/11858.png,data/extracted/KolektorSDD2/train/11858_GT.png,232,627,17,538,49,626,33,89,1468,0.01009184403013804,1,True,True,True,True,True,True,True,True,True,True
train-11867,train,validation,data/extracted/KolektorSDD2/train/11867.png,data/extracted/KolektorSDD2/train/11867_GT.png,230,628,146,398,158,427,13,30,206,0.0014261977291608972,1,False,True,True,True,True,True,True,True,True,True
train-11870,train,train,data/extracted/KolektorSDD2/train/11870.png,data/extracted/KolektorSDD2/train/11870_GT.png,230,642,11,0,48,154,38,155,3687,0.024969524583502642,1,True,True,True,True,True,True,True,True,True,True
train-11874,train,train,data/extracted/KolektorSDD2/train/11874.png,data/extracted/KolektorSDD2/train/11874_GT.png,229,629,0,3,111,268,112,266,24688,0.17139564429572135,1,True,False,False,False,True,True,True,True,True,True
train-11884,train,train,data/extracted/KolektorSDD2/train/11884.png,data/extracted/KolektorSDD2/train/11884_GT.png,231,633,9,162,52,203,44,42,1480,0.010121526709204434,1,False,True,True,True,True,True,True,True,True,True
train-11899,train,validation,data/extracted/KolektorSDD2/train/11899.png,data/extracted/KolektorSDD2/train/11899_GT.png,227,632,0,237,76,362,77,126,5368,0.03741705236156806,1,True,True,True,True,True,True,True,True,True,True
train-11905,train,validation,data/extracted/KolektorSDD2/train/11905.png,data/extracted/KolektorSDD2/train/11905_GT.png,228,629,0,0,55,297,56,298,4521,0.0315245586143419,2,True,False,False,False,True,True,True,True,True,True
train-11912,train,train,data/extracted/KolektorSDD2/train/11912.png,data/extracted/KolektorSDD2/train/11912_GT.png,230,635,202,432,213,444,12,13,96,0.000657309140705238,1,False,True,True,True,True,True,True,True,True,True
train-11917,train,train,data/extracted/KolektorSDD2/train/11917.png,data/extracted/KolektorSDD2/train/11917_GT.png,230,637,0,0,164,636,165,637,7182,0.04902054467271859,2,True,False,False,False,False,False,False,False,False,False
train-11920,train,train,data/extracted/KolektorSDD2/train/11920.png,data/extracted/KolektorSDD2/train/11920_GT.png,231,637,0,356,30,375,31,20,525,0.0035678607107178534,1,True,True,True,True,True,True,True,True,True,True
train-11923,train,train,data/extracted/KolektorSDD2/train/11923.png,data/extracted/KolektorSDD2/train/11923_GT.png,229,639,25,280,228,406,204,127,6600,0.04510322488057896,1,True,True,True,False,True,True,False,True,True,False
train-11924,train,train,data/extracted/KolektorSDD2/train/11924.png,data/extracted/KolektorSDD2/train/11924_GT.png,229,645,79,293,143,328,65,36,1494,0.010114755763176601,1,False,True,True,True,True,True,True,True,True,True
train-11927,train,train,data/extracted/KolektorSDD2/train/11927.png,data/extracted/KolektorSDD2/train/11927_GT.png,229,638,128,295,181,309,54,15,607,0.004154631695664672,1,False,True,True,True,True,True,True,True,True,True
train-11956,train,train,data/extracted/KolektorSDD2/train/11956.png,data/extracted/KolektorSDD2/train/11956_GT.png,231,641,84,61,208,305,125,245,2056,0.01388523073390468,2,False,True,False,False,True,True,True,True,True,True
train-11957,train,train,data/extracted/KolektorSDD2/train/11957.png,data/extracted/KolektorSDD2/train/11957_GT.png,226,641,196,0,225,57,30,58,1234,0.008518216834868085,1,True,True,True,True,True,True,True,True,True,True
train-11962,train,train,data/extracted/KolektorSDD2/train/11962.png,data/extracted/KolektorSDD2/train/11962_GT.png,231,640,28,208,91,280,64,73,1499,0.010139339826839826,1,False,True,True,True,True,True,True,True,True,True
train-11969,train,validation,data/extracted/KolektorSDD2/train/11969.png,data/extracted/KolektorSDD2/train/11969_GT.png,227,621,158,481,177,526,20,46,692,0.004908950321706499,1,False,True,True,True,True,True,True,True,True,True
train-11980,train,train,data/extracted/KolektorSDD2/train/11980.png,data/extracted/KolektorSDD2/train/11980_GT.png,231,641,0,0,26,104,27,105,2249,0.015188659494431725,1,True,True,True,True,True,True,True,True,True,True
train-11986,train,train,data/extracted/KolektorSDD2/train/11986.png,data/extracted/KolektorSDD2/train/11986_GT.png,230,636,79,308,153,325,75,18,693,0.004737489745693191,1,False,True,True,True,True,True,True,True,True,True
train-12008,train,train,data/extracted/KolektorSDD2/train/12008.png,data/extracted/KolektorSDD2/train/12008_GT.png,234,641,2,352,90,499,89,148,7819,0.05212875181673934,1,False,True,True,True,True,True,True,True,True,True
train-12026,train,train,data/extracted/KolektorSDD2/train/12026.png,data/extracted/KolektorSDD2/train/12026_GT.png,233,635,46,294,135,351,90,58,3550,0.023993781893143187,1,False,True,True,True,True,True,True,True,True,True
train-12028,train,validation,data/extracted/KolektorSDD2/train/12028.png,data/extracted/KolektorSDD2/train/12028_GT.png,229,634,21,391,41,430,21,40,562,0.003870896642927004,1,False,True,True,True,True,True,True,True,True,True
train-12041,train,train,data/extracted/KolektorSDD2/train/12041.png,data/extracted/KolektorSDD2/train/12041_GT.png,229,631,202,172,220,198,19,27,300,0.002076138935217545,1,False,True,True,True,True,True,True,True,True,True
train-12050,train,validation,data/extracted/KolektorSDD2/train/12050.png,data/extracted/KolektorSDD2/train/12050_GT.png,230,627,35,5,79,77,45,73,1495,0.01036682615629984,1,False,True,True,True,True,True,True,True,True,True
train-12056,train,train,data/extracted/KolektorSDD2/train/12056.png,data/extracted/KolektorSDD2/train/12056_GT.png,230,645,0,0,139,158,140,159,12610,0.08500168520390967,1,True,True,True,True,True,True,True,True,True,True
train-12070,train,train,data/extracted/KolektorSDD2/train/12070.png,data/extracted/KolektorSDD2/train/12070_GT.png,230,640,143,312,222,329,80,18,964,0.006548913043478261,1,False,True,True,True,True,True,True,True,True,True
train-12071,train,train,data/extracted/KolektorSDD2/train/12071.png,data/extracted/KolektorSDD2/train/12071_GT.png,231,634,28,0,210,290,183,291,31722,0.2166004342660494,1,True,False,False,False,True,True,True,True,True,True
train-12080,train,train,data/extracted/KolektorSDD2/train/12080.png,data/extracted/KolektorSDD2/train/12080_GT.png,230,629,44,197,186,249,143,53,5484,0.03790696066910901,1,False,True,True,True,True,True,True,True,True,True
train-12081,train,validation,data/extracted/KolektorSDD2/train/12081.png,data/extracted/KolektorSDD2/train/12081_GT.png,230,628,149,168,202,215,54,48,1902,0.01316809747992246,1,False,True,True,True,True,True,True,True,True,True
train-12105,train,train,data/extracted/KolektorSDD2/train/12105.png,data/extracted/KolektorSDD2/train/12105_GT.png,230,613,152,312,229,351,78,40,1739,0.012334208099865239,1,True,True,True,True,True,True,True,True,True,True
train-12109,train,train,data/extracted/KolektorSDD2/train/12109.png,data/extracted/KolektorSDD2/train/12109_GT.png,232,632,139,584,173,616,35,33,865,0.005899443474465299,1,False,True,True,True,True,True,True,True,True,True
train-12131,train,train,data/extracted/KolektorSDD2/train/12131.png,data/extracted/KolektorSDD2/train/12131_GT.png,230,614,148,484,197,544,50,61,2204,0.015606854553179436,1,False,True,True,True,True,True,True,True,True,True
train-12141,train,train,data/extracted/KolektorSDD2/train/12141.png,data/extracted/KolektorSDD2/train/12141_GT.png,217,620,13,400,23,457,11,58,509,0.0037832614835736585,1,False,True,True,True,True,True,True,True,True,True
train-12146,train,train,data/extracted/KolektorSDD2/train/12146.png,data/extracted/KolektorSDD2/train/12146_GT.png,230,644,100,341,211,383,112,43,2855,0.01927491223332433,1,False,True,True,True,True,True,True,True,True,True
train-12160,train,train,data/extracted/KolektorSDD2/train/12160.png,data/extracted/KolektorSDD2/train/12160_GT.png,227,627,143,180,188,310,46,131,3643,0.025595627033141524,1,False,True,True,True,True,True,True,True,True,True
train-12179,train,train,data/extracted/KolektorSDD2/train/12179.png,data/extracted/KolektorSDD2/train/12179_GT.png,229,629,53,0,228,628,176,629,13293,0.09228622406120479,2,True,False,False,False,False,False,False,False,False,False
train-12191,train,train,data/extracted/KolektorSDD2/train/12191.png,data/extracted/KolektorSDD2/train/12191_GT.png,230,643,12,306,37,374,26,69,1484,0.010034485090269794,1,False,True,True,True,True,True,True,True,True,True
train-12201,train,train,data/extracted/KolektorSDD2/train/12201.png,data/extracted/KolektorSDD2/train/12201_GT.png,230,631,11,314,117,355,107,42,3169,0.021835595672845036,1,False,True,True,True,True,True,True,True,True,True
train-12210,train,train,data/extracted/KolektorSDD2/train/12210.png,data/extracted/KolektorSDD2/train/12210_GT.png,230,645,165,510,229,644,65,135,5363,0.036150994270306706,1,True,True,True,True,True,True,True,True,True,True
train-12216,train,train,data/extracted/KolektorSDD2/train/12216.png,data/extracted/KolektorSDD2/train/12216_GT.png,229,635,42,0,197,380,156,381,6239,0.042904789739710486,2,True,False,False,False,True,False,False,True,True,True
train-12233,train,train,data/extracted/KolektorSDD2/train/12233.png,data/extracted/KolektorSDD2/train/12233_GT.png,229,625,62,221,228,308,167,88,7020,0.04904803493449782,1,True,True,True,True,True,True,True,True,True,True
train-12237,train,train,data/extracted/KolektorSDD2/train/12237.png,data/extracted/KolektorSDD2/train/12237_GT.png,232,638,0,255,231,389,232,135,10525,0.07110717760242136,2,True,True,False,False,True,False,False,True,False,False
train-12244,train,train,data/extracted/KolektorSDD2/train/12244.png,data/extracted/KolektorSDD2/train/12244_GT.png,229,620,141,0,213,31,73,32,1402,0.009874630229609804,1,True,True,True,True,True,True,True,True,True,True
train-12245,train,train,data/extracted/KolektorSDD2/train/12245.png,data/extracted/KolektorSDD2/train/12245_GT.png,230,637,0,572,105,614,106,43,3570,0.024366937410415672,1,True,True,True,True,True,True,True,True,True,True
train-12255,train,train,data/extracted/KolektorSDD2/train/12255.png,data/extracted/KolektorSDD2/train/12255_GT.png,230,616,0,37,21,113,22,77,1205,0.008505081874647092,1,True,True,True,True,True,True,True,True,True,True
train-12274,train,validation,data/extracted/KolektorSDD2/train/12274.png,data/extracted/KolektorSDD2/train/12274_GT.png,230,629,39,489,101,543,63,55,721,0.004983756134651275,1,False,True,True,True,True,True,True,True,True,True
train-12287,train,train,data/extracted/KolektorSDD2/train/12287.png,data/extracted/KolektorSDD2/train/12287_GT.png,231,633,50,172,111,237,62,66,2654,0.01815035938258687,1,False,True,True,True,True,True,True,True,True,True
train-12288,train,train,data/extracted/KolektorSDD2/train/12288.png,data/extracted/KolektorSDD2/train/12288_GT.png,229,632,62,72,208,528,147,457,1938,0.013390636227958653,3,False,False,False,False,False,False,False,True,True,False
train-12301,train,train,data/extracted/KolektorSDD2/train/12301.png,data/extracted/KolektorSDD2/train/12301_GT.png,229,638,128,0,228,61,101,62,3697,0.025304239503908227,1,True,True,True,True,True,True,True,True,True,True
train-12303,train,train,data/extracted/KolektorSDD2/train/12303.png,data/extracted/KolektorSDD2/train/12303_GT.png,232,640,0,62,138,205,139,144,13052,0.08790409482758621,1,True,True,True,True,True,True,True,True,True,True
train-12314,train,train,data/extracted/KolektorSDD2/train/12314.png,data/extracted/KolektorSDD2/train/12314_GT.png,229,636,165,0,228,85,64,86,4355,0.029901678064321223,1,True,True,True,True,True,True,True,True,True,True
train-12315,train,validation,data/extracted/KolektorSDD2/train/12315.png,data/extracted/KolektorSDD2/train/12315_GT.png,229,631,111,123,182,240,72,118,3841,0.026581498833901963,1,False,True,True,True,True,True,True,True,True,True
train-12317,train,train,data/extracted/KolektorSDD2/train/12317.png,data/extracted/KolektorSDD2/train/12317_GT.png,233,635,0,422,95,535,96,114,2652,0.017924368895948093,2,True,True,True,True,True,True,True,True,True,True
test-20042,test,test,data/extracted/KolektorSDD2/test/20042.png,data/extracted/KolektorSDD2/test/20042_GT.png,227,624,0,247,97,340,98,94,5529,0.03903337851575737,1,True,True,True,True,True,True,True,True,True,True
test-20056,test,test,data/extracted/KolektorSDD2/test/20056.png,data/extracted/KolektorSDD2/test/20056_GT.png,230,648,0,262,41,320,42,59,1564,0.010493827160493827,1,True,True,True,True,True,True,True,True,True,True
test-20068,test,test,data/extracted/KolektorSDD2/test/20068.png,data/extracted/KolektorSDD2/test/20068_GT.png,230,637,138,431,183,504,46,74,2321,0.015841922053102177,1,False,True,True,True,True,True,True,True,True,True
test-20084,test,test,data/extracted/KolektorSDD2/test/20084.png,data/extracted/KolektorSDD2/test/20084_GT.png,229,639,82,166,228,208,147,43,4492,0.030697528206600107,1,True,True,True,True,True,True,True,True,True,True
test-20095,test,test,data/extracted/KolektorSDD2/test/20095.png,data/extracted/KolektorSDD2/test/20095_GT.png,231,645,0,233,81,340,82,108,4457,0.029913755495150844,1,True,True,True,True,True,True,True,True,True,True
test-20099,test,test,data/extracted/KolektorSDD2/test/20099.png,data/extracted/KolektorSDD2/test/20099_GT.png,230,637,0,275,86,329,87,55,3785,0.0258344140331718,1,True,True,True,True,True,True,True,True,True,True
test-20117,test,test,data/extracted/KolektorSDD2/test/20117.png,data/extracted/KolektorSDD2/test/20117_GT.png,231,639,117,367,218,518,102,152,3272,0.022166670053993996,2,False,True,True,True,True,True,True,True,True,True
test-20118,test,test,data/extracted/KolektorSDD2/test/20118.png,data/extracted/KolektorSDD2/test/20118_GT.png,229,637,0,1,61,141,62,141,5000,0.03427639110733309,1,True,True,True,True,True,True,True,True,True,True
test-20121,test,test,data/extracted/KolektorSDD2/test/20121.png,data/extracted/KolektorSDD2/test/20121_GT.png,229,645,22,124,179,216,158,93,6609,0.04474459226160252,1,False,True,True,True,True,True,True,True,True,True
test-20125,test,test,data/extracted/KolektorSDD2/test/20125.png,data/extracted/KolektorSDD2/test/20125_GT.png,235,633,152,294,234,328,83,35,2144,0.014412960908877013,1,True,True,True,True,True,True,True,True,True,True
test-20129,test,test,data/extracted/KolektorSDD2/test/20129.png,data/extracted/KolektorSDD2/test/20129_GT.png,228,626,3,213,79,261,77,49,2062,0.014447060142368701,1,False,True,True,True,True,True,True,True,True,True
test-20130,test,test,data/extracted/KolektorSDD2/test/20130.png,data/extracted/KolektorSDD2/test/20130_GT.png,228,637,58,543,92,635,35,93,1282,0.008827012586411083,1,False,True,True,True,True,True,True,True,True,True
test-20139,test,test,data/extracted/KolektorSDD2/test/20139.png,data/extracted/KolektorSDD2/test/20139_GT.png,211,634,123,158,144,202,22,45,559,0.004178689431429127,1,False,True,True,True,True,True,True,True,True,True
test-20141,test,test,data/extracted/KolektorSDD2/test/20141.png,data/extracted/KolektorSDD2/test/20141_GT.png,229,627,41,514,74,626,34,113,3268,0.022760354638083895,1,True,True,True,True,True,True,True,True,True,True
test-20142,test,test,data/extracted/KolektorSDD2/test/20142.png,data/extracted/KolektorSDD2/test/20142_GT.png,229,637,0,0,20,92,21,93,1763,0.012085855504445648,1,True,True,True,True,True,True,True,True,True,True
test-20155,test,test,data/extracted/KolektorSDD2/test/20155.png,data/extracted/KolektorSDD2/test/20155_GT.png,230,633,0,273,75,289,76,17,1002,0.006882340820111271,1,True,True,True,True,True,True,True,True,True,True
test-20158,test,test,data/extracted/KolektorSDD2/test/20158.png,data/extracted/KolektorSDD2/test/20158_GT.png,229,641,23,385,131,640,109,256,17472,0.11902799256075046,1,True,True,False,False,True,True,True,True,True,True
test-20159,test,test,data/extracted/KolektorSDD2/test/20159.png,data/extracted/KolektorSDD2/test/20159_GT.png,233,632,157,218,232,276,76,59,755,0.005127125550062476,1,True,True,True,True,True,True,True,True,True,True
test-20172,test,test,data/extracted/KolektorSDD2/test/20172.png,data/extracted/KolektorSDD2/test/20172_GT.png,229,630,162,471,206,534,45,64,2273,0.015755181257364664,1,False,True,True,True,True,True,True,True,True,True
test-20175,test,test,data/extracted/KolektorSDD2/test/20175.png,data/extracted/KolektorSDD2/test/20175_GT.png,223,625,109,499,133,552,25,54,939,0.006737219730941704,1,False,True,True,True,True,True,True,True,True,True
test-20177,test,test,data/extracted/KolektorSDD2/test/20177.png,data/extracted/KolektorSDD2/test/20177_GT.png,230,647,9,523,43,553,35,31,819,0.005503662388280358,1,False,True,True,True,True,True,True,True,True,True
test-20190,test,test,data/extracted/KolektorSDD2/test/20190.png,data/extracted/KolektorSDD2/test/20190_GT.png,236,640,116,338,235,437,120,100,4865,0.03221001059322034,1,True,True,True,True,True,True,True,True,True,True
test-20193,test,test,data/extracted/KolektorSDD2/test/20193.png,data/extracted/KolektorSDD2/test/20193_GT.png,228,638,53,0,227,292,175,293,43869,0.30157977231479954,1,True,False,False,False,True,True,True,True,True,True
test-20204,test,test,data/extracted/KolektorSDD2/test/20204.png,data/extracted/KolektorSDD2/test/20204_GT.png,232,641,123,297,230,355,108,59,4284,0.02880735919091936,1,False,True,True,True,True,True,True,True,True,True
test-20209,test,test,data/extracted/KolektorSDD2/test/20209.png,data/extracted/KolektorSDD2/test/20209_GT.png,223,640,63,33,222,122,160,90,10058,0.07047365470852018,1,True,True,True,True,True,True,True,True,True,True
test-20217,test,test,data/extracted/KolektorSDD2/test/20217.png,data/extracted/KolektorSDD2/test/20217_GT.png,230,640,39,315,148,402,110,88,1635,0.01110733695652174,1,False,True,True,True,True,True,True,True,True,True
test-20228,test,test,data/extracted/KolektorSDD2/test/20228.png,data/extracted/KolektorSDD2/test/20228_GT.png,231,633,173,153,181,165,9,13,87,0.0005949816376356661,1,False,True,True,True,True,True,True,True,True,True
test-20231,test,test,data/extracted/KolektorSDD2/test/20231.png,data/extracted/KolektorSDD2/test/20231_GT.png,230,630,11,275,24,296,14,22,178,0.0012284334023464458,1,False,True,True,True,True,True,True,True,True,True
test-20236,test,test,data/extracted/KolektorSDD2/test/20236.png,data/extracted/KolektorSDD2/test/20236_GT.png,231,631,4,0,19,31,16,32,367,0.0025178202674240708,1,True,True,True,True,True,True,True,True,True,True
test-20246,test,test,data/extracted/KolektorSDD2/test/20246.png,data/extracted/KolektorSDD2/test/20246_GT.png,224,634,176,267,220,312,45,46,1383,0.009738339342045967,1,False,True,True,True,True,True,True,True,True,True
test-20259,test,test,data/extracted/KolektorSDD2/test/20259.png,data/extracted/KolektorSDD2/test/20259_GT.png,227,628,90,384,113,431,24,48,323,0.0022657762563483824,1,False,True,True,True,True,True,True,True,True,True
test-20264,test,test,data/extracted/KolektorSDD2/test/20264.png,data/extracted/KolektorSDD2/test/20264_GT.png,228,629,0,423,20,628,21,206,3473,0.02421694139960394,1,True,True,True,False,True,True,True,True,True,True
test-20275,test,test,data/extracted/KolektorSDD2/test/20275.png,data/extracted/KolektorSDD2/test/20275_GT.png,236,636,17,178,25,207,9,30,228,0.001519027822193796,1,False,True,True,True,True,True,True,True,True,True
test-20281,test,test,data/extracted/KolektorSDD2/test/20281.png,data/extracted/KolektorSDD2/test/20281_GT.png,229,651,154,80,182,179,29,100,2181,0.014629827138631195,1,False,True,True,True,True,True,True,True,True,True
test-20295,test,test,data/extracted/KolektorSDD2/test/20295.png,data/extracted/KolektorSDD2/test/20295_GT.png,228,636,129,328,197,358,69,31,1239,0.008544356173452498,1,False,True,True,True,True,True,True,True,True,True
test-20297,test,test,data/extracted/KolektorSDD2/test/20297.png,data/extracted/KolektorSDD2/test/20297_GT.png,237,642,180,17,202,39,23,23,401,0.0026354877295371795,1,False,True,True,True,True,True,True,True,True,True
test-20319,test,test,data/extracted/KolektorSDD2/test/20319.png,data/extracted/KolektorSDD2/test/20319_GT.png,229,639,0,600,33,638,34,39,1084,0.007407862995537514,1,True,True,True,True,True,True,True,True,True,True
test-20334,test,test,data/extracted/KolektorSDD2/test/20334.png,data/extracted/KolektorSDD2/test/20334_GT.png,229,635,76,510,202,609,127,100,5417,0.03725200288828525,1,False,True,True,True,True,True,True,True,True,True
test-20378,test,test,data/extracted/KolektorSDD2/test/20378.png,data/extracted/KolektorSDD2/test/20378_GT.png,232,640,148,0,212,65,65,66,3296,0.022198275862068965,1,True,True,True,True,True,True,True,True,True,True
test-20392,test,test,data/extracted/KolektorSDD2/test/20392.png,data/extracted/KolektorSDD2/test/20392_GT.png,231,640,0,16,230,230,231,215,7626,0.05158279220779221,1,True,True,False,False,True,False,False,True,False,False
test-20403,test,test,data/extracted/KolektorSDD2/test/20403.png,data/extracted/KolektorSDD2/test/20403_GT.png,228,636,37,24,111,325,75,302,14951,0.10310465629482511,1,False,False,False,False,True,True,True,True,True,True
test-20416,test,test,data/extracted/KolektorSDD2/test/20416.png,data/extracted/KolektorSDD2/test/20416_GT.png,222,625,0,5,127,160,128,156,13817,0.09958198198198198,1,True,True,True,True,True,True,True,True,True,True
test-20426,test,test,data/extracted/KolektorSDD2/test/20426.png,data/extracted/KolektorSDD2/test/20426_GT.png,228,640,15,591,29,639,15,49,672,0.004605263157894736,1,True,True,True,True,True,True,True,True,True,True
test-20428,test,test,data/extracted/KolektorSDD2/test/20428.png,data/extracted/KolektorSDD2/test/20428_GT.png,229,649,185,312,228,355,44,44,1447,0.009736174564832695,1,True,True,True,True,True,True,True,True,True,True
test-20434,test,test,data/extracted/KolektorSDD2/test/20434.png,data/extracted/KolektorSDD2/test/20434_GT.png,228,641,13,211,79,272,67,62,2956,0.020226072200782767,1,False,True,True,True,True,True,True,True,True,True
test-20439,test,test,data/extracted/KolektorSDD2/test/20439.png,data/extracted/KolektorSDD2/test/20439_GT.png,227,635,6,38,164,327,159,290,9969,0.06915952686530924,1,False,False,False,False,True,True,True,True,True,True
test-20452,test,test,data/extracted/KolektorSDD2/test/20452.png,data/extracted/KolektorSDD2/test/20452_GT.png,228,642,144,456,170,525,27,70,1344,0.009181833087391376,1,False,True,True,True,True,True,True,True,True,True
test-20457,test,test,data/extracted/KolektorSDD2/test/20457.png,data/extracted/KolektorSDD2/test/20457_GT.png,232,631,118,145,231,275,114,131,9244,0.0631455270779824,1,True,True,True,True,True,True,True,True,True,True
test-20465,test,test,data/extracted/KolektorSDD2/test/20465.png,data/extracted/KolektorSDD2/test/20465_GT.png,212,633,121,511,184,632,64,122,5111,0.038086083042713645,1,True,True,True,True,True,True,True,True,True,True
test-20486,test,test,data/extracted/KolektorSDD2/test/20486.png,data/extracted/KolektorSDD2/test/20486_GT.png,228,635,155,339,227,387,73,49,1576,0.010885481420085647,1,True,True,True,True,True,True,True,True,True,True
test-20487,test,test,data/extracted/KolektorSDD2/test/20487.png,data/extracted/KolektorSDD2/test/20487_GT.png,234,639,30,296,65,348,36,53,1281,0.008567071947353637,1,False,True,True,True,True,True,True,True,True,True
test-20502,test,test,data/extracted/KolektorSDD2/test/20502.png,data/extracted/KolektorSDD2/test/20502_GT.png,236,637,21,412,207,617,187,206,17570,0.11687465077295586,1,False,True,True,False,True,True,True,True,True,True
test-20517,test,test,data/extracted/KolektorSDD2/test/20517.png,data/extracted/KolektorSDD2/test/20517_GT.png,233,638,47,249,179,376,133,128,7801,0.052477565353101836,1,False,True,True,True,True,True,True,True,True,True
test-20523,test,test,data/extracted/KolektorSDD2/test/20523.png,data/extracted/KolektorSDD2/test/20523_GT.png,230,642,103,62,215,108,113,47,951,0.006440471353108493,1,False,True,True,True,True,True,True,True,True,True
test-20535,test,test,data/extracted/KolektorSDD2/test/20535.png,data/extracted/KolektorSDD2/test/20535_GT.png,227,641,0,282,71,361,72,80,3504,0.02408131567553451,1,True,True,True,True,True,True,True,True,True,True
test-20543,test,test,data/extracted/KolektorSDD2/test/20543.png,data/extracted/KolektorSDD2/test/20543_GT.png,233,636,31,313,72,330,42,18,609,0.0041096445056279865,1,False,True,True,True,True,True,True,True,True,True
test-20544,test,test,data/extracted/KolektorSDD2/test/20544.png,data/extracted/KolektorSDD2/test/20544_GT.png,230,648,128,67,144,81,17,15,199,0.0013352120236178207,1,False,True,True,True,True,True,True,True,True,True
test-20546,test,test,data/extracted/KolektorSDD2/test/20546.png,data/extracted/KolektorSDD2/test/20546_GT.png,232,640,201,308,231,325,31,18,358,0.0024110991379310345,1,True,True,True,True,True,True,True,True,True,True
test-20561,test,test,data/extracted/KolektorSDD2/test/20561.png,data/extracted/KolektorSDD2/test/20561_GT.png,232,637,30,519,100,591,71,73,4131,0.027952958371677585,1,False,True,True,True,True,True,True,True,True,True
test-20564,test,test,data/extracted/KolektorSDD2/test/20564.png,data/extracted/KolektorSDD2/test/20564_GT.png,227,629,6,201,23,249,18,49,668,0.004678428104186072,1,False,True,True,True,True,True,True,True,True,True
test-20587,test,test,data/extracted/KolektorSDD2/test/20587.png,data/extracted/KolektorSDD2/test/20587_GT.png,237,637,185,253,236,323,52,71,2535,0.01679152673727719,1,True,True,True,True,True,True,True,True,True,True
test-20599,test,test,data/extracted/KolektorSDD2/test/20599.png,data/extracted/KolektorSDD2/test/20599_GT.png,227,640,0,78,226,315,227,238,3434,0.023637114537444933,2,True,True,False,False,True,False,False,True,False,False
test-20600,test,test,data/extracted/KolektorSDD2/test/20600.png,data/extracted/KolektorSDD2/test/20600_GT.png,233,644,154,268,232,326,79,59,3218,0.021445898755098232,1,True,True,True,True,True,True,True,True,True,True
test-20624,test,test,data/extracted/KolektorSDD2/test/20624.png,data/extracted/KolektorSDD2/test/20624_GT.png,232,637,141,364,214,452,74,89,4038,0.027323661560114763,1,False,True,True,True,True,True,True,True,True,True
test-20625,test,test,data/extracted/KolektorSDD2/test/20625.png,data/extracted/KolektorSDD2/test/20625_GT.png,234,639,13,549,71,638,59,90,3271,0.02187579417626366,1,True,True,True,True,True,True,True,True,True,True
test-20632,test,test,data/extracted/KolektorSDD2/test/20632.png,data/extracted/KolektorSDD2/test/20632_GT.png,229,642,1,348,61,367,61,20,870,0.005917642737623964,1,False,True,True,True,True,True,True,True,True,True
test-20640,test,test,data/extracted/KolektorSDD2/test/20640.png,data/extracted/KolektorSDD2/test/20640_GT.png,228,631,171,115,227,206,57,92,1200,0.008340979230961715,1,True,True,True,True,True,True,True,True,True,True
test-20646,test,test,data/extracted/KolektorSDD2/test/20646.png,data/extracted/KolektorSDD2/test/20646_GT.png,226,632,73,266,160,300,88,35,2561,0.017930155707404503,1,False,True,True,True,True,True,True,True,True,True
test-20660,test,test,data/extracted/KolektorSDD2/test/20660.png,data/extracted/KolektorSDD2/test/20660_GT.png,228,638,75,121,129,181,55,61,2179,0.014979651322664028,1,False,True,True,True,True,True,True,True,True,True
test-20665,test,test,data/extracted/KolektorSDD2/test/20665.png,data/extracted/KolektorSDD2/test/20665_GT.png,226,646,0,312,144,645,145,334,3809,0.02608975588372284,3,True,False,False,False,True,True,False,True,True,True
test-20667,test,test,data/extracted/KolektorSDD2/test/20667.png,data/extracted/KolektorSDD2/test/20667_GT.png,228,640,175,373,227,410,53,38,886,0.006071820175438596,1,True,True,True,True,True,True,True,True,True,True
test-20669,test,test,data/extracted/KolektorSDD2/test/20669.png,data/extracted/KolektorSDD2/test/20669_GT.png,232,641,78,0,141,196,64,197,6938,0.04665393512292216,1,True,True,True,False,True,True,True,True,True,True
test-20671,test,test,data/extracted/KolektorSDD2/test/20671.png,data/extracted/KolektorSDD2/test/20671_GT.png,195,630,0,176,121,429,122,254,17763,0.1445909645909646,2,True,True,False,False,True,True,True,True,True,True
test-20672,test,test,data/extracted/KolektorSDD2/test/20672.png,data/extracted/KolektorSDD2/test/20672_GT.png,231,638,29,0,50,52,22,53,975,0.0066156414118796565,1,True,True,True,True,True,True,True,True,True,True
test-20682,test,test,data/extracted/KolektorSDD2/test/20682.png,data/extracted/KolektorSDD2/test/20682_GT.png,230,629,39,112,207,213,169,102,10410,0.0719568673532868,1,False,True,True,True,True,True,True,True,True,True
test-20685,test,test,data/extracted/KolektorSDD2/test/20685.png,data/extracted/KolektorSDD2/test/20685_GT.png,228,627,69,436,181,522,113,87,6066,0.0424326366154621,1,False,True,True,True,True,True,True,True,True,True
test-20724,test,test,data/extracted/KolektorSDD2/test/20724.png,data/extracted/KolektorSDD2/test/20724_GT.png,229,639,0,564,95,638,96,75,4172,0.028510705182087186,1,True,True,True,True,True,True,True,True,True,True
test-20738,test,test,data/extracted/KolektorSDD2/test/20738.png,data/extracted/KolektorSDD2/test/20738_GT.png,234,647,148,5,194,41,47,37,1383,0.009134863076130465,1,False,True,True,True,True,True,True,True,True,True
test-20744,test,test,data/extracted/KolektorSDD2/test/20744.png,data/extracted/KolektorSDD2/test/20744_GT.png,227,640,33,77,205,322,173,246,2823,0.019431442731277532,1,False,True,False,False,True,True,True,True,True,True
test-20747,test,test,data/extracted/KolektorSDD2/test/20747.png,data/extracted/KolektorSDD2/test/20747_GT.png,226,631,84,270,167,297,84,28,1657,0.01161942695258264,1,False,True,True,True,True,True,True,True,True,True
test-20754,test,test,data/extracted/KolektorSDD2/test/20754.png,data/extracted/KolektorSDD2/test/20754_GT.png,207,636,0,543,28,559,29,17,392,0.002977546865980008,1,True,True,True,True,True,True,True,True,True,True
test-20765,test,test,data/extracted/KolektorSDD2/test/20765.png,data/extracted/KolektorSDD2/test/20765_GT.png,228,626,13,191,72,228,60,38,1419,0.009941987556751302,1,False,True,True,True,True,True,True,True,True,True
test-20772,test,test,data/extracted/KolektorSDD2/test/20772.png,data/extracted/KolektorSDD2/test/20772_GT.png,230,641,137,14,205,99,69,86,4250,0.028827240046123585,1,False,True,True,True,True,True,True,True,True,True
test-20784,test,test,data/extracted/KolektorSDD2/test/20784.png,data/extracted/KolektorSDD2/test/20784_GT.png,230,646,13,223,140,336,128,114,10421,0.07013729977116705,1,False,True,True,True,True,True,True,True,True,True
test-20785,test,test,data/extracted/KolektorSDD2/test/20785.png,data/extracted/KolektorSDD2/test/20785_GT.png,227,643,95,249,226,339,132,91,6232,0.04269633669267818,1,True,True,True,True,True,True,True,True,True,True
test-20801,test,test,data/extracted/KolektorSDD2/test/20801.png,data/extracted/KolektorSDD2/test/20801_GT.png,227,625,0,44,60,59,61,16,429,0.0030237885462555065,1,True,True,True,True,True,True,True,True,True,True
test-20804,test,test,data/extracted/KolektorSDD2/test/20804.png,data/extracted/KolektorSDD2/test/20804_GT.png,229,637,70,0,228,107,159,108,8657,0.05934614356323652,1,True,True,True,True,True,True,True,True,True,True
test-20816,test,test,data/extracted/KolektorSDD2/test/20816.png,data/extracted/KolektorSDD2/test/20816_GT.png,229,644,0,600,28,608,29,9,181,0.0012273183433236595,1,True,True,True,True,True,True,True,True,True,True
test-20821,test,test,data/extracted/KolektorSDD2/test/20821.png,data/extracted/KolektorSDD2/test/20821_GT.png,231,641,206,0,230,59,25,60,1300,0.008779571962099263,1,True,True,True,True,True,True,True,True,True,True
test-20827,test,test,data/extracted/KolektorSDD2/test/20827.png,data/extracted/KolektorSDD2/test/20827_GT.png,230,641,175,268,229,312,55,45,1843,0.012500847860001357,1,True,True,True,True,True,True,True,True,True,True
test-20829,test,test,data/extracted/KolektorSDD2/test/20829.png,data/extracted/KolektorSDD2/test/20829_GT.png,230,614,0,565,31,588,32,24,588,0.004163716187508852,1,True,True,True,True,True,True,True,True,True,True
test-20834,test,test,data/extracted/KolektorSDD2/test/20834.png,data/extracted/KolektorSDD2/test/20834_GT.png,231,633,128,118,205,211,78,94,5484,0.0375043597792413,1,False,True,True,True,True,True,True,True,True,True
test-20848,test,test,data/extracted/KolektorSDD2/test/20848.png,data/extracted/KolektorSDD2/test/20848_GT.png,231,638,102,0,230,135,129,136,8310,0.056385620648943535,1,True,True,True,True,True,True,True,True,True,True
test-20857,test,test,data/extracted/KolektorSDD2/test/20857.png,data/extracted/KolektorSDD2/test/20857_GT.png,231,646,37,317,222,375,186,59,5224,0.035007304357149556,1,False,True,True,True,True,True,True,True,True,True
test-20870,test,test,data/extracted/KolektorSDD2/test/20870.png,data/extracted/KolektorSDD2/test/20870_GT.png,230,641,115,515,229,613,115,99,5926,0.04019534694431256,1,True,True,True,True,True,True,True,True,True,True
test-20881,test,test,data/extracted/KolektorSDD2/test/20881.png,data/extracted/KolektorSDD2/test/20881_GT.png,228,638,62,481,227,586,166,106,8582,0.05899741516801408,1,True,True,True,True,True,True,True,True,True,True
test-20882,test,test,data/extracted/KolektorSDD2/test/20882.png,data/extracted/KolektorSDD2/test/20882_GT.png,228,615,0,0,135,515,136,516,11973,0.0853872486093282,3,True,False,False,False,False,False,False,False,False,False
test-20884,test,test,data/extracted/KolektorSDD2/test/20884.png,data/extracted/KolektorSDD2/test/20884_GT.png,230,642,60,32,229,263,170,232,31725,0.21485168630637952,1,True,True,False,False,True,True,True,True,True,True
test-20891,test,test,data/extracted/KolektorSDD2/test/20891.png,data/extracted/KolektorSDD2/test/20891_GT.png,228,635,56,580,87,628,32,49,1073,0.007411244647050698,1,False,True,True,True,True,True,True,True,True,True
test-20892,test,test,data/extracted/KolektorSDD2/test/20892.png,data/extracted/KolektorSDD2/test/20892_GT.png,233,633,119,290,207,327,89,38,1949,0.013214544813511517,1,False,True,True,True,True,True,True,True,True,True
test-20895,test,test,data/extracted/KolektorSDD2/test/20895.png,data/extracted/KolektorSDD2/test/20895_GT.png,230,644,139,0,193,41,55,42,1517,0.010241695922225224,1,True,True,True,True,True,True,True,True,True,True
test-20902,test,test,data/extracted/KolektorSDD2/test/20902.png,data/extracted/KolektorSDD2/test/20902_GT.png,229,638,82,284,228,354,147,71,3980,0.0272412424196794,2,True,True,True,True,True,True,True,True,True,True
test-20912,test,test,data/extracted/KolektorSDD2/test/20912.png,data/extracted/KolektorSDD2/test/20912_GT.png,229,632,167,292,228,322,62,31,1356,0.009369299651760544,1,True,True,True,True,True,True,True,True,True,True
test-20922,test,test,data/extracted/KolektorSDD2/test/20922.png,data/extracted/KolektorSDD2/test/20922_GT.png,230,601,0,285,59,525,60,241,2534,0.01833176589741735,2,True,True,False,False,True,True,True,True,True,True
test-20941,test,test,data/extracted/KolektorSDD2/test/20941.png,data/extracted/KolektorSDD2/test/20941_GT.png,231,638,65,374,131,406,67,33,1577,0.01070037590413766,1,False,True,True,True,True,True,True,True,True,True
test-20942,test,test,data/extracted/KolektorSDD2/test/20942.png,data/extracted/KolektorSDD2/test/20942_GT.png,228,622,30,232,38,273,9,42,294,0.002073108817058724,1,False,True,True,True,True,True,True,True,True,True
test-20952,test,test,data/extracted/KolektorSDD2/test/20952.png,data/extracted/KolektorSDD2/test/20952_GT.png,230,628,49,69,229,160,181,92,9748,0.06748823040708946,1,True,True,True,True,True,True,True,True,True,True
test-20956,test,test,data/extracted/KolektorSDD2/test/20956.png,data/extracted/KolektorSDD2/test/20956_GT.png,229,631,23,402,70,461,48,60,2336,0.016166201842227283,1,False,True,True,True,True,True,True,True,True,True
test-20959,test,test,data/extracted/KolektorSDD2/test/20959.png,data/extracted/KolektorSDD2/test/20959_GT.png,231,636,181,471,230,555,50,85,2063,0.014042037626943287,1,True,True,True,True,True,True,True,True,True,True
test-20969,test,test,data/extracted/KolektorSDD2/test/20969.png,data/extracted/KolektorSDD2/test/20969_GT.png,227,619,42,380,168,450,127,71,3390,0.024125881591027163,1,False,True,True,True,True,True,True,True,True,True
